#MOVIE_t
INSERT INTO `MOVIE_t`
(`MovieID`, `Title`, `Year`, `Genre`, `Rating`, `Runtime`) VALUES ('MV001', 'Avengers: Endgame', 2019, 'Action, Adventure, Sci-fi', '8.5/10',  181);

INSERT INTO `MOVIE_t`
(`MovieID`, `Title`, `Year`, `Genre`, `Rating`, `Runtime`) VALUES ('MV002', 'Avatar', 2009, 'Action, Adventure, Fantasy, Sci-fi', '7.8/10',  182);

INSERT INTO `MOVIE_t`
(`MovieID`, `Title`, `Year`, `Genre`, `Rating`, `Runtime`) VALUES ('MV003', 'Titanic', 1997, 'Drama, Romance, Thriller',  '7.8/10',  194);

INSERT INTO `MOVIE_t`
(`MovieID`, `Title`, `Year`, `Genre`, `Rating`, `Runtime`) VALUES ('MV004', 'Star Wars: Episode VII - The Force Awakens', 2015, 'Action, Adventure, Fantasy, Sci-fi', '7.9/10',  136);

INSERT INTO `MOVIE_t`
(`MovieID`, `Title`, `Year`, `Genre`, `Rating`, `Runtime`) VALUES ('MV005', 'Avengers: Infinity War', 2018, 'Action, Adventure, Sci-fi', '8.5/10',  149);

INSERT INTO `MOVIE_t`
(`MovieID`, `Title`, `Year`, `Genre`, `Rating`, `Runtime`) VALUES ('MV006', 'Jurassic World', 2015, 'Action, Adventure, Sci-fi, Thriller', '7/10',  124);

INSERT INTO `MOVIE_t`
(`MovieID`, `Title`, `Year`, `Genre`, `Rating`, `Runtime`) VALUES ('MV007', 'The Lion King', 2019, 'Adventure, Family', '7/10',  118);

INSERT INTO `MOVIE_t`
(`MovieID`, `Title`, `Year`, `Genre`, `Rating`, `Runtime`) VALUES ('MV008', 'Marvels The Avengers', 2012, 'Action, Adventure, Sci-fi', '8/10',  143);

INSERT INTO `MOVIE_t`
(`MovieID`, `Title`, `Year`, `Genre`, `Rating`, `Runtime`) VALUES ('MV009', 'Furious 7', 2015, 'Action, Crime, Thriller', '7.2/10',  137);

INSERT INTO `MOVIE_t`
(`MovieID`, `Title`, `Year`, `Genre`, `Rating`, `Runtime`) VALUES ('MV010', 'Avengers: Age of Ultron', 2015, 'Action, Adventure, Sci-fi', '7.3/10',  141);

INSERT INTO `MOVIE_t`
(`MovieID`, `Title`, `Year`, `Genre`, `Rating`, `Runtime`) VALUES ('MV011', 'Frozen II', 2019, 'Animation, Family, Adventure', '7.2/10',  104);

INSERT INTO `MOVIE_t`
(`MovieID`, `Title`, `Year`, `Genre`, `Rating`, `Runtime`) VALUES ('MV012', 'Black Panther', 2018, 'Action, Adventure, Fantasy, Sci-fi', '7.3/10',  134);

INSERT INTO `MOVIE_t`
(`MovieID`, `Title`, `Year`, `Genre`, `Rating`, `Runtime`) VALUES ('MV013', 'Harry Potter and the Deathly Hallows, Part 2', 2011, 'Adventure, Fantasy', '8.1/10',  130);

INSERT INTO `MOVIE_t`
(`MovieID`, `Title`, `Year`, `Genre`, `Rating`, `Runtime`) VALUES ('MV014', 'Star Wars: Episode VIII - The Last Jedi', 2017, 'Action, Adventure, Fantasy, Sci-fi', '7/10',  152);

INSERT INTO `MOVIE_t`
(`MovieID`, `Title`, `Year`, `Genre`, `Rating`, `Runtime`) VALUES ('MV015', 'Jurassic World: Fallen Kingdom', 2018, 'Action, Adventure, Sci-fi', '6.2/10',  129);

INSERT INTO `MOVIE_t`
(`MovieID`, `Title`, `Year`, `Genre`, `Rating`, `Runtime`) VALUES ('MV016', 'Frozen', 2013, 'Adventure, Animation, Family', '7.5/10',  102);

INSERT INTO `MOVIE_t`
(`MovieID`, `Title`, `Year`, `Genre`, `Rating`, `Runtime`) VALUES ('MV017', 'Beauty and the Beast', 2017, 'Family, Fantasy, Romance', '7.1/10',  129);

INSERT INTO `MOVIE_t`
(`MovieID`, `Title`, `Year`, `Genre`, `Rating`, `Runtime`) VALUES ('MV018', 'Incredibles 2', 2018, 'Action, Adeventure, Animation, Family', '7.7/10',  118);

INSERT INTO `MOVIE_t`
(`MovieID`, `Title`, `Year`, `Genre`, `Rating`, `Runtime`) VALUES ('MV019', 'The Fate of the Furious', 2017, 'Action, Crime, Thriller', '6.7/10',  136);

INSERT INTO `MOVIE_t`
(`MovieID`, `Title`, `Year`, `Genre`, `Rating`, `Runtime`) VALUES ('MV020', 'Iron Man 3', 2013, 'Action, Adeventure, Sci-fi', '7.2/10',  131);

INSERT INTO `MOVIE_t`
(`MovieID`, `Title`, `Year`, `Genre`, `Rating`, `Runtime`) VALUES ('MV021', 'Minions', 2015, 'Adventure, Animation, Comedy, Family', '6.4/10',  091);

INSERT INTO `MOVIE_t`
(`MovieID`, `Title`, `Year`, `Genre`, `Rating`, `Runtime`) VALUES ('MV022', 'Captain America: Civil War', 2016, 'Action, Adventure, Sci-Fi', '7.8/10',  147);

INSERT INTO `MOVIE_t`
(`MovieID`, `Title`, `Year`, `Genre`, `Rating`, `Runtime`) VALUES ('MV023', 'Aquaman', 2018, 'Action, Adventure, Fantasy', '7/10',  144);

INSERT INTO `MOVIE_t`
(`MovieID`, `Title`, `Year`, `Genre`, `Rating`, `Runtime`) VALUES ('MV024', 'Spider-Man: Far from Home', 2019, 'Action, Adventure, Sci-fi', '7.6/10',  129);

INSERT INTO `MOVIE_t`
(`MovieID`, `Title`, `Year`, `Genre`, `Rating`, `Runtime`) VALUES ('MV025', 'Captain Marvel', 2019, 'Action, Adventure, Sci-fi', '6.9/10',  125);

#MONEY_t
INSERT INTO `MONEY_t`
(`MoneyID`, `Budget`, `Income`, `MovieID`) VALUES ('MN001', 356000000, 2797800564, 'MV001');

INSERT INTO `MONEY_t`
(`MoneyID`, `Budget`, `Income`, `MovieID`) VALUES ('MN002', 237000000, 2789679794, 'MV002');

INSERT INTO `MONEY_t`
(`MoneyID`, `Budget`, `Income`, `MovieID`) VALUES ('MN003', 200000000, 2187463944, 'MV003');

INSERT INTO `MONEY_t`
(`MoneyID`, `Budget`, `Income`, `MovieID`) VALUES ('MN004', 245000000, 2068223624, 'MV004');

INSERT INTO `MONEY_t`
(`MoneyID`, `Budget`, `Income`, `MovieID`) VALUES ('MN005', 300000000, 2048359754, 'MV005');

INSERT INTO `MONEY_t`
(`MoneyID`, `Budget`, `Income`, `MovieID`) VALUES ('MN006', 150000000, 1671713208, 'MV006');

INSERT INTO `MONEY_t`
(`MoneyID`, `Budget`, `Income`, `MovieID`) VALUES ('MN007', 260000000, 1656943394, 'MV007');

INSERT INTO `MONEY_t`
(`MoneyID`, `Budget`, `Income`, `MovieID`) VALUES ('MN008', 220000000, 1518812988, 'MV008');

INSERT INTO `MONEY_t`
(`MoneyID`, `Budget`, `Income`, `MovieID`) VALUES ('MN009', 190000000, 1516045911, 'MV009');

INSERT INTO `MONEY_t`
(`MoneyID`, `Budget`, `Income`, `MovieID`) VALUES ('MN010', 280000000, 1405403694, 'MV010');

INSERT INTO `MONEY_t`
(`MoneyID`, `Budget`, `Income`, `MovieID`) VALUES ('MN011', 33000000, 1373115944, 'MV011');

INSERT INTO `MONEY_t`
(`MoneyID`, `Budget`, `Income`, `MovieID`) VALUES ('MN012', 200000000, 1346913161, 'MV012');

INSERT INTO `MONEY_t`
(`MoneyID`, `Budget`, `Income`, `MovieID`) VALUES ('MN013', 125000000, 1341693157, 'MV013');

INSERT INTO `MONEY_t`
(`MoneyID`, `Budget`, `Income`, `MovieID`) VALUES ('MN014', 200000000, 1332539889, 'MV014');

INSERT INTO `MONEY_t`
(`MoneyID`, `Budget`, `Income`, `MovieID`) VALUES ('MN015', 170000000, 1309484461, 'MV015');

INSERT INTO `MONEY_t`
(`MoneyID`, `Budget`, `Income`, `MovieID`) VALUES ('MN016', 150000000, 1290000000, 'MV016');

INSERT INTO `MONEY_t`
(`MoneyID`, `Budget`, `Income`, `MovieID`) VALUES ('MN017', 160000000, 1263521126, 'MV017');

INSERT INTO `MONEY_t`
(`MoneyID`, `Budget`, `Income`, `MovieID`) VALUES ('MN018', 200000000, 1242805359, 'MV018');

INSERT INTO `MONEY_t`
(`MoneyID`, `Budget`, `Income`, `MovieID`) VALUES ('MN019', 250000000, 250000000, 'MV019');

INSERT INTO `MONEY_t`
(`MoneyID`, `Budget`, `Income`, `MovieID`) VALUES ('MN020', 200000000, 1214811252, 'MV020');

INSERT INTO `MONEY_t`
(`MoneyID`, `Budget`, `Income`, `MovieID`) VALUES ('MN021', 74000000, 1159398397, 'MV021');

INSERT INTO `MONEY_t`
(`MoneyID`, `Budget`, `Income`, `MovieID`) VALUES ('MN022', 240000000, 1153304495, 'MV022');

INSERT INTO `MONEY_t`
(`MoneyID`, `Budget`, `Income`, `MovieID`) VALUES ('MN023', 160000000, 1148161807, 'MV023');

INSERT INTO `MONEY_t`
(`MoneyID`, `Budget`, `Income`, `MovieID`) VALUES ('MN024', 160000000, 1131927996, 'MV024');

INSERT INTO `MONEY_t`
(`MoneyID`, `Budget`, `Income`, `MovieID`) VALUES ('MN025', 152000000, 1128274794, 'MV025');

#Studios
INSERT INTO studio_t VALUES ('ST001', 'Marvel Studios', '1993');
INSERT INTO studio_t VALUES ('ST002', 'Twentieth Century Fox', '1935');
INSERT INTO studio_t VALUES ('ST003', 'Paramount', '1912');
INSERT INTO studio_t VALUES ('ST004', 'Lucasfilms', '1971');
INSERT INTO studio_t VALUES ('ST005', 'Universal Pictures', '1912');
INSERT INTO studio_t VALUES ('ST006', 'Disney Studios', '1923');
INSERT INTO studio_t VALUES ('ST007', 'Warner Bros.', '1923');
INSERT INTO studio_t VALUES ('ST008', 'Sony Pictures', '1987');

#USES
INSERT INTO uses_t VALUES ('MV001', 'ST001');
INSERT INTO uses_t VALUES ('MV002', 'ST002');
INSERT INTO uses_t VALUES ('MV003', 'ST003');
INSERT INTO uses_t VALUES ('MV003', 'ST002');
INSERT INTO uses_t VALUES ('MV004', 'ST004');
INSERT INTO uses_t VALUES ('MV005', 'ST002');
INSERT INTO uses_t VALUES ('MV006', 'ST005');
INSERT INTO uses_t VALUES ('MV007', 'ST006');
INSERT INTO uses_t VALUES ('MV008', 'ST001');
INSERT INTO uses_t VALUES ('MV009', 'ST005');
INSERT INTO uses_t VALUES ('MV010', 'ST001');
INSERT INTO uses_t VALUES ('MV011', 'ST006');
INSERT INTO uses_t VALUES ('MV012', 'ST001');
INSERT INTO uses_t VALUES ('MV013', 'ST007');
INSERT INTO uses_t VALUES ('MV014', 'ST004');
INSERT INTO uses_t VALUES ('MV015', 'ST006');
INSERT INTO uses_t VALUES ('MV016', 'ST006');
INSERT INTO uses_t VALUES ('MV017', 'ST006');
INSERT INTO uses_t VALUES ('MV018', 'ST006');
INSERT INTO uses_t VALUES ('MV019', 'ST005');
INSERT INTO uses_t VALUES ('MV020', 'ST001');
INSERT INTO uses_t VALUES ('MV021', 'ST005');
INSERT INTO uses_t VALUES ('MV022', 'ST001');
INSERT INTO uses_t VALUES ('MV023', 'ST007');
INSERT INTO uses_t VALUES ('MV024', 'ST001');
INSERT INTO uses_t VALUES ('MV024', 'ST008');
INSERT INTO uses_t VALUES ('MV025', 'ST001');

#Director
INSERT INTO director_t VALUES ('D0001', 'Joe Russo', '1971-07-08');
INSERT INTO director_t VALUES ('D0002', 'Anthony Russo', '1970-02-03');
INSERT INTO director_t VALUES ('D0003', 'James Cameron', '1954-08-16');
INSERT INTO director_t VALUES ('D0004', 'J.J Abrams', '1966-06-27');
INSERT INTO director_t VALUES ('D0005', 'Colin Trevorrow', '1976-09-13');
INSERT INTO director_t VALUES ('D0006', 'Jon Favreau', '1966-10-19');
INSERT INTO director_t VALUES ('D0007', 'Joss Whedon', '1964-06-23');
INSERT INTO director_t VALUES ('D0008', 'James Wan', '1977-02-27');
INSERT INTO director_t VALUES ('D0009', 'Jennifer Lee', '1971-10-22');
INSERT INTO director_t VALUES ('D0010', 'Chris Buck', '1960-10-25');
INSERT INTO director_t VALUES ('D0011', 'Ryan Coogler', '1986-05-23');
INSERT INTO director_t VALUES ('D0012', 'David Yates', '1963-11-30');
INSERT INTO director_t VALUES ('D0013', 'Rian Johnson', '1973-12-17');
INSERT INTO director_t VALUES ('D0014', 'J. A. Bayona', '1975-05-09');
INSERT INTO director_t VALUES ('D0015', 'Bill Condon', '1955-10-22');
INSERT INTO director_t VALUES ('D0016', 'Brad Bird', '1957-09-11');
INSERT INTO director_t VALUES ('D0017', 'Rob Cohen', '1949-03-12');
INSERT INTO director_t VALUES ('D0018', 'Shane Black', '1961-12-16');
INSERT INTO director_t VALUES ('D0019', 'Pierre Coffin', '1967-03-16');
INSERT INTO director_t VALUES ('D0020', 'Kyle Balda', '1900-01-01');
INSERT INTO director_t VALUES ('D0021', 'Jon Watts', '1981-06-28');
INSERT INTO director_t VALUES ('D0022', 'Anna Boden', '1976-09-20');
INSERT INTO director_t VALUES ('D0023', 'Ryan Fleck', '1976-09-20');

#Directs
INSERT INTO directs_t VALUES ('MV001', 'D0001');
INSERT INTO directs_t VALUES ('MV001', 'D0002');
INSERT INTO directs_t VALUES ('MV002', 'D0003');
INSERT INTO directs_t VALUES ('MV003', 'D0003');
INSERT INTO directs_t VALUES ('MV004', 'D0004');
INSERT INTO directs_t VALUES ('MV005', 'D0001');
INSERT INTO directs_t VALUES ('MV005', 'D0002');
INSERT INTO directs_t VALUES ('MV006', 'D0005');
INSERT INTO directs_t VALUES ('MV007', 'D0006');
INSERT INTO directs_t VALUES ('MV008', 'D0007');
INSERT INTO directs_t VALUES ('MV009', 'D0008');
INSERT INTO directs_t VALUES ('MV010', 'D0007');
INSERT INTO directs_t VALUES ('MV011', 'D0009');
INSERT INTO directs_t VALUES ('MV011', 'D0010');
INSERT INTO directs_t VALUES ('MV012', 'D0011');
INSERT INTO directs_t VALUES ('MV013', 'D0012');
INSERT INTO directs_t VALUES ('MV014', 'D0013');
INSERT INTO directs_t VALUES ('MV015', 'D0014');
INSERT INTO directs_t VALUES ('MV016', 'D0009');
INSERT INTO directs_t VALUES ('MV016', 'D0010');
INSERT INTO directs_t VALUES ('MV017', 'D0015');
INSERT INTO directs_t VALUES ('MV018', 'D0016');
INSERT INTO directs_t VALUES ('MV019', 'D0017');
INSERT INTO directs_t VALUES ('MV020', 'D0018');
INSERT INTO directs_t VALUES ('MV021', 'D0019');
INSERT INTO directs_t VALUES ('MV021', 'D0020');
INSERT INTO directs_t VALUES ('MV022', 'D0001');
INSERT INTO directs_t VALUES ('MV022', 'D0002');
INSERT INTO directs_t VALUES ('MV023', 'D0008');
INSERT INTO directs_t VALUES ('MV024', 'D0021');
INSERT INTO directs_t VALUES ('MV025', 'D0022');
INSERT INTO directs_t VALUES ('MV025', 'D0023');

# Avengers: Endgame
INSERT INTO `ACTOR_t`
(`ActorID`, `Name`, `DOB`) VALUES ('A0001','Robert Downey Jr.','1965-04-04');
INSERT INTO `ACTOR_t`
(`ActorID`, `Name`, `DOB`) VALUES ('A0002','Chris Evans','1981-06-13');
INSERT INTO `ACTOR_t`
(`ActorID`, `Name`, `DOB`) VALUES ('A0003','Mark Ruffalo','1967-11-22');
INSERT INTO `ACTOR_t`
(`ActorID`, `Name`, `DOB`) VALUES ('A0004','Chris Hemsworth','1983-08-11');
INSERT INTO `ACTOR_t`
(`ActorID`, `Name`, `DOB`) VALUES ('A0005','Scarlett Johansson','1984-11-22');

# Avatar
INSERT INTO `ACTOR_t`
(`ActorID`, `Name`, `DOB`) VALUES ('A0006','Sam Worthington','1967-08-02');
INSERT INTO `ACTOR_t`
(`ActorID`, `Name`, `DOB`) VALUES ('A0007','Zoe Saldana','1978-06-19');
INSERT INTO `ACTOR_t`
(`ActorID`, `Name`, `DOB`) VALUES ('A0008','Stephen Lang','1952-07-11');
INSERT INTO `ACTOR_t`
(`ActorID`, `Name`, `DOB`) VALUES ('A0009','Sigourney Weaver','1949-10-08');
INSERT INTO `ACTOR_t`
(`ActorID`, `Name`, `DOB`) VALUES ('A0010','Joel David Moore','1977-09-25');

# Titanic
INSERT INTO `ACTOR_t`
(`ActorID`, `Name`, `DOB`) VALUES ('A0011','Kate Winslet','1975-10-05');
INSERT INTO `ACTOR_t`
(`ActorID`, `Name`, `DOB`) VALUES ('A0012','Leonardo Decaprio','1974-11-11');
INSERT INTO `ACTOR_t`
(`ActorID`, `Name`, `DOB`) VALUES ('A0013','Bill Zane','1966-02-24');
INSERT INTO `ACTOR_t`
(`ActorID`, `Name`, `DOB`) VALUES ('A0014','Kathy Bates','1948-06-28');
INSERT INTO `ACTOR_t`
(`ActorID`, `Name`, `DOB`) VALUES ('A0015','Frances Fisher','1952-05-11');

# Star Wars: Episode VII - The Force Awakens
INSERT INTO `ACTOR_t`
(`ActorID`, `Name`, `DOB`) VALUES ('A0016','Harrison Ford','1942-07-13');
INSERT INTO `ACTOR_t`
(`ActorID`, `Name`, `DOB`) VALUES ('A0017','Mark Hamill','1951-09-25');
INSERT INTO `ACTOR_t`
(`ActorID`, `Name`, `DOB`) VALUES ('A0018','Carrie Fisher','1956-10-21');
INSERT INTO `ACTOR_t`
(`ActorID`, `Name`, `DOB`) VALUES ('A0019','Adam Driver','1983-11-19');
INSERT INTO `ACTOR_t`
(`ActorID`, `Name`, `DOB`) VALUES ('A0020','Daisey Ridley','1992-04-10');

#Avengers: Infinity War-----
#Robert Downey Jr.
#Chris Hemsworth
#Chris Evans
#Mark Ruffalo
#Scarlet Johansson

#Jurassic World
INSERT INTO `ACTOR_t`
(`ActorID`, `Name`, `DOB`) VALUES ('A0021','Chris Pratt','1979-06-21');
INSERT INTO `ACTOR_t`
(`ActorID`, `Name`, `DOB`) VALUES ('A0022','Bryce Dallas Howard','1981-03-02');
INSERT INTO `ACTOR_t`
(`ActorID`, `Name`, `DOB`) VALUES ('A0023','Irrfan Khan','1967-01-07');
INSERT INTO `ACTOR_t`
(`ActorID`, `Name`, `DOB`) VALUES ('A0024','Vincent D Onofrio','1959-06-30');
INSERT INTO `ACTOR_t`
(`ActorID`, `Name`, `DOB`) VALUES ('A0025','Nick Robinson','1995-03-22');


#The Lion King
INSERT INTO `ACTOR_t`
(`ActorID`, `Name`, `DOB`) VALUES ('A0026','Donald Glover','1983-09-25');
INSERT INTO `ACTOR_t`
(`ActorID`, `Name`, `DOB`) VALUES ('A0027','Beyonce Knowles','1981-09-04');
INSERT INTO `ACTOR_t`
(`ActorID`, `Name`, `DOB`) VALUES ('A0028','James Earl Jones','1931-01-17');
INSERT INTO `ACTOR_t`
(`ActorID`, `Name`, `DOB`) VALUES ('A0029','Chiwetel Ejiofor','1977-07-10');
INSERT INTO `ACTOR_t`
(`ActorID`, `Name`, `DOB`) VALUES ('A0030','Alfre Woodward','1952-11-08');

#Marvel's the Avengers------
#RDJ
#Chris Evans
#Mark Ruffalo
#Chris Hemsworth
#Scarlet Johansson
#Furious 7
INSERT INTO `ACTOR_t`
(`ActorID`, `Name`, `DOB`) VALUES ('A0031','Vin Diesel','1967-07-18');
INSERT INTO `ACTOR_t`
(`ActorID`, `Name`, `DOB`) VALUES ('A0032','Paul Walker','1973-09-12');
INSERT INTO `ACTOR_t`
(`ActorID`, `Name`, `DOB`) VALUES ('A0033','Dwayne Johnson','1972-05-02');
INSERT INTO `ACTOR_t`
(`ActorID`, `Name`, `DOB`) VALUES ('A0034','Michelle Rodriguez','1978-07-12');
INSERT INTO `ACTOR_t`
(`ActorID`, `Name`, `DOB`) VALUES ('A0035','Tyrese Gibson','1978-12-30');

#Avengers Age of Ultron-------------
#RDJ
#Chris Evans
#Mark Ruffalo
#Chris Hemsworth
#Scarlet Johansson
#Frozen II
INSERT INTO `ACTOR_t`
(`ActorID`, `Name`, `DOB`) VALUES ('A0036','Kristen Bell','1980-07-18');
INSERT INTO `ACTOR_t`
(`ActorID`, `Name`, `DOB`) VALUES ('A0037','Idina Menzel','1971-05-30');
INSERT INTO `ACTOR_t`
(`ActorID`, `Name`, `DOB`) VALUES ('A0038','Jonathan Groff','1985-03-26');
INSERT INTO `ACTOR_t`
(`ActorID`, `Name`, `DOB`) VALUES ('A0039','Josh Gad','1981-02-23');
INSERT INTO `ACTOR_t`
(`ActorID`, `Name`, `DOB`) VALUES ('A0040','Sterling K. Brown','1976-04-05');
#Black Panther
INSERT INTO `ACTOR_t`
(`ActorID`, `Name`, `DOB`) VALUES ('A0041','Chadwick Boseman','1976-11-29');
INSERT INTO `ACTOR_t`
(`ActorID`, `Name`, `DOB`) VALUES ('A0042','Michael B. Jordan','1987-02-09');
INSERT INTO `ACTOR_t`
(`ActorID`, `Name`, `DOB`) VALUES ('A0043','Lupita Nyongo','1983-03-01');
INSERT INTO `ACTOR_t`
(`ActorID`, `Name`, `DOB`) VALUES ('A0044','Danai Gurira','1978-02-14');
INSERT INTO `ACTOR_t`
(`ActorID`, `Name`, `DOB`) VALUES ('A0045','Martin Freeman','1971-09-08');
#Harry Potter And the Deathly Hallows, Part 2
INSERT INTO `ACTOR_t`
(`ActorID`, `Name`, `DOB`) VALUES ('A0046','Daniel Radcliffe','1989-07-23');
INSERT INTO `ACTOR_t`
(`ActorID`, `Name`, `DOB`) VALUES ('A0047','Rupert Grint','1988-08-24');
INSERT INTO `ACTOR_t`
(`ActorID`, `Name`, `DOB`) VALUES ('A0048','Emma Watson','1990-04-15');
INSERT INTO `ACTOR_t`
(`ActorID`, `Name`, `DOB`) VALUES ('A0049','Alan Rickman','1946-02-21');
INSERT INTO `ACTOR_t`
(`ActorID`, `Name`, `DOB`) VALUES ('A0050','Ralph Fiennes','1962-12-22');
#Star Wars: Episode VIII - The Last Jedi------------------
#Mark Hamill
#Carrie Fisher
#Adam Driver
#Daisey Ridley
INSERT INTO `ACTOR_t`
(`ActorID`, `Name`, `DOB`) VALUES ('A0051','John Boyega','1992-03-17');
#Jurassic World: Fallen Kingdom---------------------
#Chris Pratt
#Bryce Dallas Howard
INSERT INTO `ACTOR_t`
(`ActorID`, `Name`, `DOB`) VALUES ('A0052',' Rafe Spall','1983-03-10');
INSERT INTO `ACTOR_t`
(`ActorID`, `Name`, `DOB`) VALUES ('A0053','Justice Smith','1995-08-09');
INSERT INTO `ACTOR_t`
(`ActorID`, `Name`, `DOB`) VALUES ('A0054','Daniella Pineda','1987-02-20');
#Frozen---------------
#Kristen Bell
#Idina Menzel
#Jonathan Groff
#Josh Gad
INSERT INTO `ACTOR_t`
(`ActorID`, `Name`, `DOB`) VALUES ('A0055','Santino Fontana','1982-03-21');
#Beauty and the Beast
INSERT INTO `ACTOR_t`
(`ActorID`, `Name`, `DOB`) VALUES ('A0056','Emma Watson','1990-04-15');
INSERT INTO `ACTOR_t`
(`ActorID`, `Name`, `DOB`) VALUES ('A0057','Dan Stevens','1982-10-10');
INSERT INTO `ACTOR_t`
(`ActorID`, `Name`, `DOB`) VALUES ('A0058','Luke Evans','1979-04-15');
INSERT INTO `ACTOR_t`
(`ActorID`, `Name`, `DOB`) VALUES ('A0059','Kevin Kline','1947-10-24');
INSERT INTO `ACTOR_t`
(`ActorID`, `Name`, `DOB`) VALUES ('A0060','Josh Gad','1981-02-23');
#Incredibles 2
INSERT INTO `ACTOR_t`
(`ActorID`, `Name`, `DOB`) VALUES ('A0061','Craig T. Nelson','1944-04-04');
INSERT INTO `ACTOR_t`
(`ActorID`, `Name`, `DOB`) VALUES ('A0062','Holly Hunter','1958-03-20');
INSERT INTO `ACTOR_t`
(`ActorID`, `Name`, `DOB`) VALUES ('A0063','Sarah Vowell','1969-12-27');
INSERT INTO `ACTOR_t`
(`ActorID`, `Name`, `DOB`) VALUES ('A0064','Eli Fucile','2002-?-?');
INSERT INTO `ACTOR_t`
(`ActorID`, `Name`, `DOB`) VALUES ('A0065','Huck Milner','2008-08-30');
#The Fate of the Furious----------
#Vin Diesel
INSERT INTO `ACTOR_t`
(`ActorID`, `Name`, `DOB`) VALUES ('A0066','Jason Statham','1967-07-26');
#Dwayne Johnson
#Michelle Rodriguez
#Tyrese Gibson
#Iron Man 3-----------
#Robert Downey Jr.
INSERT INTO `ACTOR_t`
(`ActorID`, `Name`, `DOB`) VALUES ('A0067','Gwyneth Paltrow','1972-09-27');
INSERT INTO `ACTOR_t`
(`ActorID`, `Name`, `DOB`) VALUES ('A0068','Don Cheadle','1964-11-29');
INSERT INTO `ACTOR_t`
(`ActorID`, `Name`, `DOB`) VALUES ('A0069','Guy Pearce','1967-10-05');
INSERT INTO `ACTOR_t`
(`ActorID`, `Name`, `DOB`) VALUES ('A0070','Rebecca Hall','1982-05-03');
#Minions
INSERT INTO `ACTOR_t`
(`ActorID`, `Name`, `DOB`) VALUES ('A0071','Sandra Bullock','1964-07-26');
INSERT INTO `ACTOR_t`
(`ActorID`, `Name`, `DOB`) VALUES ('A0072','Jon Hamm','1971-03-10');
INSERT INTO `ACTOR_t`
(`ActorID`, `Name`, `DOB`) VALUES ('A0073','Michael Keaton','1951-09-05');
INSERT INTO `ACTOR_t`
(`ActorID`, `Name`, `DOB`) VALUES ('A0074','Allison Janney','1959-11-19');
INSERT INTO `ACTOR_t`
(`ActorID`, `Name`, `DOB`) VALUES ('A0075','Steve Coogan','1965-10-14');
#Captain America: Civil War----------
#Chris Evans
#Robert Downey Jr.
#Scarlett Johansson
INSERT INTO `ACTOR_t`
(`ActorID`, `Name`, `DOB`) VALUES ('A0076','Sebastian Stan','1982-08-13');
INSERT INTO `ACTOR_t`
(`ActorID`, `Name`, `DOB`) VALUES ('A0077','Anthony Mackie','1979-09-23');
#Aquaman
INSERT INTO `ACTOR_t`
(`ActorID`, `Name`, `DOB`) VALUES ('A0078','Jason Momoa','1979-08-01');
INSERT INTO `ACTOR_t`
(`ActorID`, `Name`, `DOB`) VALUES ('A0079','Amber Heard','1986-04-22');
INSERT INTO `ACTOR_t`
(`ActorID`, `Name`, `DOB`) VALUES ('A0080','Willem Dafoe','1955-07-22');
INSERT INTO `ACTOR_t`
(`ActorID`, `Name`, `DOB`) VALUES ('A0081','Patrick Wilson','1973-07-03');
INSERT INTO `ACTOR_t`
(`ActorID`, `Name`, `DOB`) VALUES ('A0082','Nicole Kidman','1967-06-20');
#Spider-Man: Far Fom Home
INSERT INTO `ACTOR_t`
(`ActorID`, `Name`, `DOB`) VALUES ('A0083','Tom Holland','1996-06-01');
INSERT INTO `ACTOR_t`
(`ActorID`, `Name`, `DOB`) VALUES ('A0084','Samuel L. Jackson','1948-12-21');
INSERT INTO `ACTOR_t`
(`ActorID`, `Name`, `DOB`) VALUES ('A0085','Jake Gyllenhaal','1980-12-19');
INSERT INTO `ACTOR_t`
(`ActorID`, `Name`, `DOB`) VALUES ('A0086','Marisa Tomei','1964-12-04');
INSERT INTO `ACTOR_t`
(`ActorID`, `Name`, `DOB`) VALUES ('A0087','Jon Favreau','1966-10-19');
#Captain Marvel
INSERT INTO `ACTOR_t`
(`ActorID`, `Name`, `DOB`) VALUES ('A0088','Brie Larson','1989-10-01');
#Samuel L. Jackson???????????????????????????
INSERT INTO `ACTOR_t`
(`ActorID`, `Name`, `DOB`) VALUES ('A0089','Ben Mendelsohn','1969-04-03');
INSERT INTO `ACTOR_t`
(`ActorID`, `Name`, `DOB`) VALUES ('A0090','Jude Law','1972-12-29');
INSERT INTO `ACTOR_t`
(`ActorID`, `Name`, `DOB`) VALUES ('A0091','Annette Bening','1958-05-29');


# Avengers: Endgame
INSERT INTO `CHARACTER_t`
(`CharacterID`, `Name`) VALUES ('C0001','Iron Man / Tony Stark');
INSERT INTO `CHARACTER_t`
(`CharacterID`, `Name`) VALUES ('C0002','Captain America / Steve Rogers');
INSERT INTO `CHARACTER_t`
(`CharacterID`, `Name`) VALUES ('C0003','Hulk / Bruce Banner');
INSERT INTO `CHARACTER_t`
(`CharacterID`, `Name`) VALUES ('C0004','Thor');
INSERT INTO `CHARACTER_t`
(`CharacterID`, `Name`) VALUES ('C0005','Blackwidow / Natasha Romanoff');


# Avatar
INSERT INTO `CHARACTER_t`
(`CharacterID`, `Name`) VALUES ('C0006','Jake Sully');
INSERT INTO `CHARACTER_t`
(`CharacterID`, `Name`) VALUES ('C0007','Princess Neytiri');
INSERT INTO `CHARACTER_t`
(`CharacterID`, `Name`) VALUES ('C0008','Col. Quaritch');
INSERT INTO `CHARACTER_t`
(`CharacterID`, `Name`) VALUES ('C0009','Dr. Grace Augustine');
INSERT INTO `CHARACTER_t`
(`CharacterID`, `Name`) VALUES ('C0010','Norm Spellman');


# Titanic
INSERT INTO `CHARACTER_t`
(`CharacterID`, `Name`) VALUES ('C0011','Rose Dewitt Bukater');
INSERT INTO `CHARACTER_t`
(`CharacterID`, `Name`) VALUES ('C0012','Jack Dawson');
INSERT INTO `CHARACTER_t`
(`CharacterID`, `Name`) VALUES ('C0013','Cal Hockley');
INSERT INTO `CHARACTER_t`
(`CharacterID`, `Name`) VALUES ('C0014','Molly Brown');
INSERT INTO `CHARACTER_t`
(`CharacterID`, `Name`) VALUES ('C0015','Ruth Dewitt Buakater');


# Star Wars: Episode VII - The Force Awakens
INSERT INTO `CHARACTER_t`
(`CharacterID`, `Name`) VALUES ('C0016','Han Solo');
INSERT INTO `CHARACTER_t`
(`CharacterID`, `Name`) VALUES ('C0017','Luke Skywalker');
INSERT INTO `CHARACTER_t`
(`CharacterID`, `Name`) VALUES ('C0018','General Leia Organa');
INSERT INTO `CHARACTER_t`
(`CharacterID`, `Name`) VALUES ('C0019','Kylo Ren / Ben Solo');
INSERT INTO `CHARACTER_t`
(`CharacterID`, `Name`) VALUES ('C0020','Rey');

#Jurassic World
INSERT INTO `CHARACTER_t`
(`CharacterID`, `Name`) VALUES ('C0021','Owen Grady');
INSERT INTO `CHARACTER_t`
(`CharacterID`, `Name`) VALUES ('C0022','Claire Dearing');
INSERT INTO `CHARACTER_t`
(`CharacterID`, `Name`) VALUES ('C0023','Simon Masrani');
INSERT INTO `CHARACTER_t`
(`CharacterID`, `Name`) VALUES ('C0024','Vic Hoskins');
INSERT INTO `CHARACTER_t`
(`CharacterID`, `Name`) VALUES ('C0025','Zach Mitchell');


#The Lion King
INSERT INTO `CHARACTER_t`
(`CharacterID`, `Name`) VALUES ('C0026','Simba');
INSERT INTO `CHARACTER_t`
(`CharacterID`, `Name`) VALUES ('C0027','Nala');
INSERT INTO `CHARACTER_t`
(`CharacterID`, `Name`) VALUES ('C0028','Mufasa');
INSERT INTO `CHARACTER_t`
(`CharacterID`, `Name`) VALUES ('C0029','Scar');
INSERT INTO `CHARACTER_t`
(`CharacterID`, `Name`) VALUES ('C0030','Sarabi');


#Furious 7
INSERT INTO `CHARACTER_t`
(`CharacterID`, `Name`) VALUES ('C0031','Dominic Toretto');
INSERT INTO `CHARACTER_t`
(`CharacterID`, `Name`) VALUES ('C0032','Brian OConner');
INSERT INTO `CHARACTER_t`
(`CharacterID`, `Name`) VALUES ('C0033','Luke Hobbs');
INSERT INTO `CHARACTER_t`
(`CharacterID`, `Name`) VALUES ('C0034','Letty Ortiz');
INSERT INTO `CHARACTER_t`
(`CharacterID`, `Name`) VALUES ('C0035','Roman Pearce');


#Frozen II
INSERT INTO `CHARACTER_t`
(`CharacterID`, `Name`) VALUES ('C0036','Anna');
INSERT INTO `CHARACTER_t`
(`CharacterID`, `Name`) VALUES ('C0037','Elsa');
INSERT INTO `CHARACTER_t`
(`CharacterID`, `Name`) VALUES ('C0038','Kristoff');
INSERT INTO `CHARACTER_t`
(`CharacterID`, `Name`) VALUES ('C0039','Olaf');
INSERT INTO `CHARACTER_t`
(`CharacterID`, `Name`) VALUES ('C0040','Lieutenant Mattias');


#Black Panther
INSERT INTO `CHARACTER_t`
(`CharacterID`, `Name`) VALUES ('C0041','King TChalla / Black Panther');
INSERT INTO `CHARACTER_t`
(`CharacterID`, `Name`) VALUES ('C0042','NJadaka / Erik Killmonger Stevens');
INSERT INTO `CHARACTER_t`
(`CharacterID`, `Name`) VALUES ('C0043','Nakia');
INSERT INTO `CHARACTER_t`
(`CharacterID`, `Name`) VALUES ('C0044','Okoye');
INSERT INTO `CHARACTER_t`
(`CharacterID`, `Name`) VALUES ('C0045','Everett K. Ross');


#Harry Potter and the Deathly Hallows, Part 2
INSERT INTO `CHARACTER_t`
(`CharacterID`, `Name`) VALUES ('C0046','Harry Potter');
INSERT INTO `CHARACTER_t`
(`CharacterID`, `Name`) VALUES ('C0047','Ron Weasley');
INSERT INTO `CHARACTER_t`
(`CharacterID`, `Name`) VALUES ('C0048','Hermione Granger');
INSERT INTO `CHARACTER_t`
(`CharacterID`, `Name`) VALUES ('C0049','Severus Snape');
INSERT INTO `CHARACTER_t`
(`CharacterID`, `Name`) VALUES ('C0050','Lord Voldemort');


#Star Wars: Episode VIII - The Last Jedi--------------
INSERT INTO `CHARACTER_t`
(`CharacterID`, `Name`) VALUES ('C0051','Finn');


#Jurassic World: Fallen Kingdon-------------------
INSERT INTO `CHARACTER_t`
(`CharacterID`, `Name`) VALUES ('C0052','Eli Mills');
INSERT INTO `CHARACTER_t`
(`CharacterID`, `Name`) VALUES ('C0053','Franklin Webb');
INSERT INTO `CHARACTER_t`
(`CharacterID`, `Name`) VALUES ('C0054','Zia Rodriguez');


#Frozen------------------
INSERT INTO `CHARACTER_t`
(`CharacterID`, `Name`) VALUES ('C0055','Hans');


#Beauty and the Beast
INSERT INTO `CHARACTER_t`
(`CharacterID`, `Name`) VALUES ('C0056','Belle');
INSERT INTO `CHARACTER_t`
(`CharacterID`, `Name`) VALUES ('C0057','Beast');
INSERT INTO `CHARACTER_t`
(`CharacterID`, `Name`) VALUES ('C0058','Gaston');
INSERT INTO `CHARACTER_t`
(`CharacterID`, `Name`) VALUES ('C0059','Maurice');
INSERT INTO `CHARACTER_t`
(`CharacterID`, `Name`) VALUES ('C0060','Lefou');


#Incredibles 2
INSERT INTO `CHARACTER_t`
(`CharacterID`, `Name`) VALUES ('C0061','Mr. Incredible / Bob Parr');
INSERT INTO `CHARACTER_t`
(`CharacterID`, `Name`) VALUES ('C0062','Elastigirl / Helen Parr');
INSERT INTO `CHARACTER_t`
(`CharacterID`, `Name`) VALUES ('C0063','Violet Parr');
INSERT INTO `CHARACTER_t`
(`CharacterID`, `Name`) VALUES ('C0064','Jack-Jack Parr');
INSERT INTO `CHARACTER_t`
(`CharacterID`, `Name`) VALUES ('C0065','Dash Parr');


#Fate of the Furious
INSERT INTO `CHARACTER_t`
(`CharacterID`, `Name`) VALUES ('C0066','Deckard Shaw');

#Iron Man 3---------------
INSERT INTO `CHARACTER_t`
(`CharacterID`, `Name`) VALUES ('C0068','Virginia Potts');
INSERT INTO `CHARACTER_t`
(`CharacterID`, `Name`) VALUES ('C0069','Iron Patriot / James Rhodes');
INSERT INTO `CHARACTER_t`
(`CharacterID`, `Name`) VALUES ('C0070','Aldrich Killan');
INSERT INTO `CHARACTER_t`
(`CharacterID`, `Name`) VALUES ('C0071','Maya Hansen');


#Minions
INSERT INTO `CHARACTER_t`
(`CharacterID`, `Name`) VALUES ('C0072','Scarlet Overkill');
INSERT INTO `CHARACTER_t`
(`CharacterID`, `Name`) VALUES ('C0073','Herb Overkill');
INSERT INTO `CHARACTER_t`
(`CharacterID`, `Name`) VALUES ('C0074','Walter Nelson');
INSERT INTO `CHARACTER_t`
(`CharacterID`, `Name`) VALUES ('C0075','Madge Nelson');
INSERT INTO `CHARACTER_t`
(`CharacterID`, `Name`) VALUES ('C0076','Professor Flux / Tower Guard');


#Captain America: Civil War-------------
INSERT INTO `CHARACTER_t`
(`CharacterID`, `Name`) VALUES ('C0077','Winter Soldier / James Barnes');
INSERT INTO `CHARACTER_t`
(`CharacterID`, `Name`) VALUES ('C0078','Falcon / Sam Wilson');


#Aquaman
INSERT INTO `CHARACTER_t`
(`CharacterID`, `Name`) VALUES ('C0079','Aquaman / Arthur Curry');
INSERT INTO `CHARACTER_t`
(`CharacterID`, `Name`) VALUES ('C0080','Mera');
INSERT INTO `CHARACTER_t`
(`CharacterID`, `Name`) VALUES ('C0081','Nuidis Vulko');
INSERT INTO `CHARACTER_t`
(`CharacterID`, `Name`) VALUES ('C0082','Ocean Master / King Orm');
INSERT INTO `CHARACTER_t`
(`CharacterID`, `Name`) VALUES ('C0083','Atlanta');


#Spider-Man: Far From Home
INSERT INTO `CHARACTER_t`
(`CharacterID`, `Name`) VALUES ('C0084','Spider-Man / Peter Parker');
INSERT INTO `CHARACTER_t`
(`CharacterID`, `Name`) VALUES ('C0085','Nick Fury');
INSERT INTO `CHARACTER_t`
(`CharacterID`, `Name`) VALUES ('C0086','Mysterio / Quentin Beck');
INSERT INTO `CHARACTER_t`
(`CharacterID`, `Name`) VALUES ('C0087','May Parker');
INSERT INTO `CHARACTER_t`
(`CharacterID`, `Name`) VALUES ('C0088','Harold Hogan');


#Captain Marvel
INSERT INTO `CHARACTER_t`
(`CharacterID`, `Name`) VALUES ('C0089','Captain Marvel / Carol Danvers');
INSERT INTO `CHARACTER_t`
(`CharacterID`, `Name`) VALUES ('C0091','Keller');
INSERT INTO `CHARACTER_t`
(`CharacterID`, `Name`) VALUES ('C0092','Yon-Rogg');
INSERT INTO `CHARACTER_t`
(`CharacterID`, `Name`) VALUES ('C0093','Dr. Wendy Lawson');

#Played_t
INSERT INTO Played_t VALUES ('MV001', 'C0001');
INSERT INTO Played_t VALUES ('MV001', 'C0002');
INSERT INTO Played_t VALUES ('MV001', 'C0003');
INSERT INTO Played_t VALUES ('MV001', 'C0004');
INSERT INTO Played_t VALUES ('MV001', 'C0005');

INSERT INTO Played_t VALUES ('MV002', 'C0006');
INSERT INTO Played_t VALUES ('MV002', 'C0007');
INSERT INTO Played_t VALUES ('MV002', 'C0008');
INSERT INTO Played_t VALUES ('MV002', 'C0009');
INSERT INTO Played_t VALUES ('MV002', 'C0010');

INSERT INTO Played_t VALUES ('MV003', 'C0011');
INSERT INTO Played_t VALUES ('MV003', 'C0012');
INSERT INTO Played_t VALUES ('MV003', 'C0013');
INSERT INTO Played_t VALUES ('MV003', 'C0014');
INSERT INTO Played_t VALUES ('MV003', 'C0015');

INSERT INTO Played_t VALUES ('MV004', 'C0016');
INSERT INTO Played_t VALUES ('MV004', 'C0017');
INSERT INTO Played_t VALUES ('MV004', 'C0018');
INSERT INTO Played_t VALUES ('MV004', 'C0019');
INSERT INTO Played_t VALUES ('MV004', 'C0020');

INSERT INTO Played_t VALUES ('MV005', 'C0001');
INSERT INTO Played_t VALUES ('MV005', 'C0004');
INSERT INTO Played_t VALUES ('MV005', 'C0002');
INSERT INTO Played_t VALUES ('MV005', 'C0003');
INSERT INTO Played_t VALUES ('MV005', 'C0005');

INSERT INTO Played_t VALUES ('MV006', 'C0021');
INSERT INTO Played_t VALUES ('MV006', 'C0022');
INSERT INTO Played_t VALUES ('MV006', 'C0023');
INSERT INTO Played_t VALUES ('MV006', 'C0024');
INSERT INTO Played_t VALUES ('MV006', 'C0025');

INSERT INTO Played_t VALUES ('MV007', 'C0026');
INSERT INTO Played_t VALUES ('MV007', 'C0027');
INSERT INTO Played_t VALUES ('MV007', 'C0028');
INSERT INTO Played_t VALUES ('MV007', 'C0029');
INSERT INTO Played_t VALUES ('MV007', 'C0030');

INSERT INTO Played_t VALUES ('MV008', 'C0001');
INSERT INTO Played_t VALUES ('MV008', 'C0002');
INSERT INTO Played_t VALUES ('MV008', 'C0003');
INSERT INTO Played_t VALUES ('MV008', 'C0004');
INSERT INTO Played_t VALUES ('MV008', 'C0005');

INSERT INTO Played_t VALUES ('MV009', 'C0031');
INSERT INTO Played_t VALUES ('MV009', 'C0032');
INSERT INTO Played_t VALUES ('MV009', 'C0033');
INSERT INTO Played_t VALUES ('MV009', 'C0034');
INSERT INTO Played_t VALUES ('MV009', 'C0035');

INSERT INTO Played_t VALUES ('MV010', 'C0001');
INSERT INTO Played_t VALUES ('MV010', 'C0002');
INSERT INTO Played_t VALUES ('MV010', 'C0003');
INSERT INTO Played_t VALUES ('MV010', 'C0004');
INSERT INTO Played_t VALUES ('MV010', 'C0005');

INSERT INTO Played_t VALUES ('MV011', 'C0036');
INSERT INTO Played_t VALUES ('MV011', 'C0037');
INSERT INTO Played_t VALUES ('MV011', 'C0038');
INSERT INTO Played_t VALUES ('MV011', 'C0039');
INSERT INTO Played_t VALUES ('MV011', 'C0040');

INSERT INTO Played_t VALUES ('MV012', 'C0041');
INSERT INTO Played_t VALUES ('MV012', 'C0042');
INSERT INTO Played_t VALUES ('MV012', 'C0043');
INSERT INTO Played_t VALUES ('MV012', 'C0044');
INSERT INTO Played_t VALUES ('MV012', 'C0045');

INSERT INTO Played_t VALUES ('MV013', 'C0046');
INSERT INTO Played_t VALUES ('MV013', 'C0047');
INSERT INTO Played_t VALUES ('MV013', 'C0048');
INSERT INTO Played_t VALUES ('MV013', 'C0049');
INSERT INTO Played_t VALUES ('MV013', 'C0050');

INSERT INTO Played_t VALUES ('MV014', 'C0017');
INSERT INTO Played_t VALUES ('MV014', 'C0018');
INSERT INTO Played_t VALUES ('MV014', 'C0019');
INSERT INTO Played_t VALUES ('MV014', 'C0020');
INSERT INTO Played_t VALUES ('MV014', 'C0051');

INSERT INTO Played_t VALUES ('MV015', 'C0021');
INSERT INTO Played_t VALUES ('MV015', 'C0022');
INSERT INTO Played_t VALUES ('MV015', 'C0052');
INSERT INTO Played_t VALUES ('MV015', 'C0053');
INSERT INTO Played_t VALUES ('MV015', 'C0054');

INSERT INTO Played_t VALUES ('MV016', 'C0036');
INSERT INTO Played_t VALUES ('MV016', 'C0037');
INSERT INTO Played_t VALUES ('MV016', 'C0038');
INSERT INTO Played_t VALUES ('MV016', 'C0039');
INSERT INTO Played_t VALUES ('MV016', 'C0055');

INSERT INTO Played_t VALUES ('MV017', 'C0056');
INSERT INTO Played_t VALUES ('MV017', 'C0057');
INSERT INTO Played_t VALUES ('MV017', 'C0058');
INSERT INTO Played_t VALUES ('MV017', 'C0059');
INSERT INTO Played_t VALUES ('MV017', 'C0060');

INSERT INTO Played_t VALUES ('MV018', 'C0061');
INSERT INTO Played_t VALUES ('MV018', 'C0062');
INSERT INTO Played_t VALUES ('MV018', 'C0063');
INSERT INTO Played_t VALUES ('MV018', 'C0064');
INSERT INTO Played_t VALUES ('MV018', 'C0065');

INSERT INTO Played_t VALUES ('MV019', 'C0031');
INSERT INTO Played_t VALUES ('MV019', 'C0066');
INSERT INTO Played_t VALUES ('MV019', 'C0033');
INSERT INTO Played_t VALUES ('MV019', 'C0034');
INSERT INTO Played_t VALUES ('MV019', 'C0035');

INSERT INTO Played_t VALUES ('MV020', 'C0001');
INSERT INTO Played_t VALUES ('MV020', 'C0068');
INSERT INTO Played_t VALUES ('MV020', 'C0069');
INSERT INTO Played_t VALUES ('MV020', 'C0070');
INSERT INTO Played_t VALUES ('MV020', 'C0071');

INSERT INTO Played_t VALUES ('MV021', 'C0072');
INSERT INTO Played_t VALUES ('MV021', 'C0073');
INSERT INTO Played_t VALUES ('MV021', 'C0074');
INSERT INTO Played_t VALUES ('MV021', 'C0075');
INSERT INTO Played_t VALUES ('MV021', 'C0076');

INSERT INTO Played_t VALUES ('MV022', 'C0002');
INSERT INTO Played_t VALUES ('MV022', 'C0001');
INSERT INTO Played_t VALUES ('MV022', 'C0005');
INSERT INTO Played_t VALUES ('MV022', 'C0077');
INSERT INTO Played_t VALUES ('MV022', 'C0078');

INSERT INTO Played_t VALUES ('MV023', 'C0079');
INSERT INTO Played_t VALUES ('MV023', 'C0080');
INSERT INTO Played_t VALUES ('MV023', 'C0081');
INSERT INTO Played_t VALUES ('MV023', 'C0082');
INSERT INTO Played_t VALUES ('MV023', 'C0083');

INSERT INTO Played_t VALUES ('MV024', 'C0084');
INSERT INTO Played_t VALUES ('MV024', 'C0085');
INSERT INTO Played_t VALUES ('MV024', 'C0086');
INSERT INTO Played_t VALUES ('MV024', 'C0087');
INSERT INTO Played_t VALUES ('MV024', 'C0088');

INSERT INTO Played_t VALUES ('MV025', 'C0089');
INSERT INTO Played_t VALUES ('MV025', 'C0085');
INSERT INTO Played_t VALUES ('MV025', 'C0091');
INSERT INTO Played_t VALUES ('MV025', 'C0092');
INSERT INTO Played_t VALUES ('MV025', 'C0093');

#Acted
#CharacterID ActorID

#Avengers: End Game
#Iron Man
INSERT INTO ACTED_t VALUES ('C0001', 'A0001');
#Captain America
INSERT INTO ACTED_t VALUES ('C0002', 'A0002');
#Hulk
INSERT INTO ACTED_t VALUES ('C0003', 'A0003');
#Thor
INSERT INTO ACTED_t VALUES ('C0004', 'A0004');
#Black Widow
INSERT INTO ACTED_t VALUES ('C0005', 'A0005');


#Avatar
#Jake Sully
INSERT INTO ACTED_t VALUES ('C0006', 'A0006');
#Princess Neytiri
INSERT INTO ACTED_t VALUES ('C0007', 'A0007');
#Col. Quaritch
INSERT INTO ACTED_t VALUES ('C0008', 'A0008');
#Dr. Grace Augustine
INSERT INTO ACTED_t VALUES ('C0009', 'A0009');
#Norm Spellman
INSERT INTO ACTED_t VALUES ('C0010', 'A0010');


#Titanic
#Rose Dewitt Bukater
INSERT INTO ACTED_t VALUES ('C0011', 'A0011');
#Jack Dawson
INSERT INTO ACTED_t VALUES ('C0012', 'A0012');
#Cal Hockley
INSERT INTO ACTED_t VALUES ('C0013', 'A0013');
#Molly Brown
INSERT INTO ACTED_t VALUES ('C0014', 'A0014');
#Ruth Dewitt Buakater
INSERT INTO ACTED_t VALUES ('C0015', 'A0015');


#Star Wars: Episode VII - The Force Awakens
#Han Solo
INSERT INTO ACTED_t VALUES ('C0016', 'A0016');
#Luke Skywalker
INSERT INTO ACTED_t VALUES ('C0017', 'A0017');
#General Leia Organa
INSERT INTO ACTED_t VALUES ('C0018', 'A0018');
#Kylo Ren
INSERT INTO ACTED_t VALUES ('C0019', 'A0019');
#Rey
INSERT INTO ACTED_t VALUES ('C0020', 'A0020');


#Avengers: Infinity War---------
#Iron Man
#Thor
#Captain America
#Hulk
#Black Widow


#Jurassic World
#Owen Grady
INSERT INTO ACTED_t VALUES ('C0021', 'A0021');
#Claire Dearing
INSERT INTO ACTED_t VALUES ('C0022', 'A0022');
#Simon Masrani
INSERT INTO ACTED_t VALUES ('C0023', 'A0023');
#Vic Hoskins
INSERT INTO ACTED_t VALUES ('C0024', 'A0024');
#Zach Mitchell
INSERT INTO ACTED_t VALUES ('C0025', 'A0025');


#The Lion King
#Simba
INSERT INTO ACTED_t VALUES ('C0026', 'A0026');
#Nala
INSERT INTO ACTED_t VALUES ('C0027', 'A0027');
#Mufasa
INSERT INTO ACTED_t VALUES ('C0028', 'A0028');
#Scar
INSERT INTO ACTED_t VALUES ('C0029', 'A0029');
#Sarabi
INSERT INTO ACTED_t VALUES ('C0023', 'A0030');


#Marvel's The Avengers---------
#Iron Man
#Captain America
#Hulk
#Thor
#Blackwidow


#Furious 7
#Dominic Toretto
INSERT INTO ACTED_t VALUES ('C0031', 'A0031');
#Brian OConner
INSERT INTO ACTED_t VALUES ('C0032', 'A0032');
#Luke Hobbs
INSERT INTO ACTED_t VALUES ('C0033', 'A0033');
#Letty Ortiz
INSERT INTO ACTED_t VALUES ('C0034', 'A0034');
#Roman Pearce
INSERT INTO ACTED_t VALUES ('C0035', 'A0035');


#Avengers: Age of Ultron-----------
#Iron Man
#Captain America
#Hulk
#Thor
#Blackwidow


#Frozen II
#Anna
INSERT INTO ACTED_t VALUES ('C0036', 'A0036');
#Elsa
INSERT INTO ACTED_t VALUES ('C0037', 'A0037');
#Kristoff
INSERT INTO ACTED_t VALUES ('C0038', 'A0038');
#Olaf
INSERT INTO ACTED_t VALUES ('C0039', 'A0039');
#Lieutenant Mattias
INSERT INTO ACTED_t VALUES ('C0040', 'A0040');


#BlackPanther
#King TChalla
INSERT INTO ACTED_t VALUES ('C0041', 'A0041');
#NJadaka
INSERT INTO ACTED_t VALUES ('C0042', 'A0042');
#Nakia
INSERT INTO ACTED_t VALUES ('C0043', 'A0043');
#Okoye
INSERT INTO ACTED_t VALUES ('C0044', 'A0044');
#Everett K. Ross
INSERT INTO ACTED_t VALUES ('C0045', 'A0045');


#Harry Potter and the Deathly Hallows, Part 2
#Harry Potter
INSERT INTO ACTED_t VALUES ('C0046', 'A0046');
#Ron Weasley
INSERT INTO ACTED_t VALUES ('C0047', 'A0047');
#Hermione Granger
INSERT INTO ACTED_t VALUES ('C0048', 'A0048');
#Severus Snape
INSERT INTO ACTED_t VALUES ('C0049', 'A0049');
#Lord Voldemort
INSERT INTO ACTED_t VALUES ('C0050', 'A0050');

#Star Wars: Episode VIII - The Last Jedi--------
#Mark Hamill
#Carrie Fisher
#Adam Driver
#Daisey Ridley
INSERT INTO ACTED_t VALUES ('C0051', 'A0051');


#Jurassic World: Fallen Kingdom------
#Chris Pratt
#Bryce Dallas Howard
#Rafe Spall
INSERT INTO ACTED_t VALUES ('C0052', 'A0052');
#Justice Smith
INSERT INTO ACTED_t VALUES ('C0053', 'A0053');
#Daniella Pineda
INSERT INTO ACTED_t VALUES ('C0054', 'A0054');

#Frozen--------
#Anna
#Elsa
#Kristoff
#Olaf
#Hans
INSERT INTO ACTED_t VALUES ('C0055', 'A0055');


#Beauty and the Beast
#Belle
INSERT INTO ACTED_t VALUES ('C0056', 'A0056');
#Beast
INSERT INTO ACTED_t VALUES ('C0057', 'A0057');
#Gaston
INSERT INTO ACTED_t VALUES ('C0058', 'A0058');
#Maurice
INSERT INTO ACTED_t VALUES ('C0059', 'A0059');
#Lefou
INSERT INTO ACTED_t VALUES ('C0060', 'A0060');


#Incredibles 2
#Mr. Incredible
INSERT INTO ACTED_t VALUES ('C0061', 'A0061');
#Elastigirl
INSERT INTO ACTED_t VALUES ('C0062', 'A0062');
#Violet Parr
INSERT INTO ACTED_t VALUES ('C0063', 'A0063');
#Jack-Jack Parr
INSERT INTO ACTED_t VALUES ('C0064', 'A0064');
#Dash Parr
INSERT INTO ACTED_t VALUES ('C0065', 'A0065');


#The Fate of the Furious-----------
#Dominic Toretto
#Deckard Shaw
INSERT INTO ACTED_t VALUES ('C0066', 'A0066');
#Luke Hobbs
#Letty Ortiz
#Roman Pearce


#Iron Man 3---------
#Iron Man
#Virginia Potts
INSERT INTO ACTED_t VALUES ('C0068', 'A0067');
#Iron Patriot
INSERT INTO ACTED_t VALUES ('C0069', 'A0068');
#Aldrich Killan
INSERT INTO ACTED_t VALUES ('C0070', 'A0069');
#Maya Hansen
INSERT INTO ACTED_t VALUES ('C0071', 'A0070');


#Minions
#Scarlet Overkill
INSERT INTO ACTED_t VALUES ('C0072', 'A0071');
#Herb Overkill
INSERT INTO ACTED_t VALUES ('C0073', 'A0072');
#Walter Nelson
INSERT INTO ACTED_t VALUES ('C0074', 'A0073');
#Madge Nelson
INSERT INTO ACTED_t VALUES ('C0075', 'A0074');
#Professor Flux
INSERT INTO ACTED_t VALUES ('C0076', 'A0075');


#Captain America: Civil War-----
#Captain America
#Iron Man
#Blackwidow
#Winter Soldier
INSERT INTO ACTED_t VALUES ('C0077', 'A0076');
#Falcon / Sam Wilson
INSERT INTO ACTED_t VALUES ('C0078', 'A0077');


#Aquaman
#Aquaman
INSERT INTO ACTED_t VALUES ('C0079', 'A0078');
#Mera
INSERT INTO ACTED_t VALUES ('C0080', 'A0079');
#Nuidis Vulko
INSERT INTO ACTED_t VALUES ('C0081', 'A0080');
#Ocean Master
INSERT INTO ACTED_t VALUES ('C0082', 'A0081');
#Atlanta
INSERT INTO ACTED_t VALUES ('C0083', 'A0082');


#Spider-Man: Far From Home
#Spider-Man
INSERT INTO ACTED_t VALUES ('C0084', 'A0083');
#Nick Fury
INSERT INTO ACTED_t VALUES ('C0085', 'A0084');
#Mysterio
INSERT INTO ACTED_t VALUES ('C0086', 'A0085');
#May Parker
INSERT INTO ACTED_t VALUES ('C0087', 'A0086');
#Harold Hogan
INSERT INTO ACTED_t VALUES ('C0088', 'A0087');


#Captain Marvel
#Captain Marvel
INSERT INTO ACTED_t VALUES ('C0089', 'A0088');
#Nick Fury
#INSERT INTO ACTED_t VALUES ('C0088', 'A0087');
#Keller
INSERT INTO ACTED_t VALUES ('C0091', 'A0089');
#Yon-Rogg
INSERT INTO ACTED_t VALUES ('C0092', 'A0090');
#Dr. Wendy Lawson
INSERT INTO ACTED_t VALUES ('C0093', 'A0091');

#Quotes
#Avengers
INSERT INTO quote_t VALUES ('Q0001', 'I am Iron Man', 'C0001', 'A0001');
INSERT INTO quote_t VALUES ('Q0002', 'I can do this all day', 'C0002', 'A0002');
INSERT INTO quote_t VALUES ('Q0003', 'Hulk Smash', 'C0003', 'A0003');
INSERT INTO quote_t VALUES ('Q0004', 'I went for the Head', 'C0004', 'A0004');
INSERT INTO quote_t VALUES ('Q0005', 'The suns getting real low big guy', 'C0005', 'A0005');

#Avatar
INSERT INTO quote_t VALUES ('Q0006', 'I see you', 'C0006', 'A0006');
INSERT INTO quote_t VALUES ('Q0007', 'I’m with you now, Jake. We are mated for life', 'C0007', 'A0007');
INSERT INTO quote_t VALUES ('Q0008', 'Nothins over while Im breathin', 'C0008', 'A0008');
INSERT INTO quote_t VALUES ('Q0009', 'Oh, shit!', 'C0009', 'A0009');
INSERT INTO quote_t VALUES ('Q0010', 'Whats VFR', 'C0010', 'A0010');

#Titantic
INSERT INTO quote_t VALUES ('Q0011', 'To the stars', 'C0011', 'A0011');
INSERT INTO quote_t VALUES ('Q0012', 'Where to, Miss?', 'C0012', 'A0012');
INSERT INTO quote_t VALUES ('Q0013', 'Youre a good liar.', 'C0013', 'A0013');
INSERT INTO quote_t VALUES ('Q0014', 'Keep it to yourself if you feel that way', 'C0014', 'A0014');
INSERT INTO quote_t VALUES ('Q0015', 'Of course its unfair. Were women. Our choices are never easy.', 'C0015', 'A0015');

#Star Wars
INSERT INTO quote_t VALUES ('Q0016', 'Never tell me the odds', 'C0016', 'A0016');
INSERT INTO quote_t VALUES ('Q0017', 'Do you know Obi Kenobi', 'C0017', 'A0017');
INSERT INTO quote_t VALUES ('Q0018', '*Kisses Brother*', 'C0018', 'A0018');
INSERT INTO quote_t VALUES ('Q0019', 'I Feel It Again. The Pull To The Light', 'C0019', 'A0019');
INSERT INTO quote_t VALUES ('Q0020', 'You’ll never be as powerful as Darth Vader', 'C0020', 'A0020');

#Jurasic World
INSERT INTO quote_t VALUES ('Q0021', 'Run', 'C0021', 'A0021');
INSERT INTO quote_t VALUES ('Q0022', 'Lowery are you still there!?', 'C0022', 'A0022');
INSERT INTO quote_t VALUES ('Q0023', 'accept you are never actually in control', 'C0023', 'A0023');
INSERT INTO quote_t VALUES ('Q0024', 'Something is wrong. Theyre communicating.', 'C0024', 'A0024');
INSERT INTO quote_t VALUES ('Q0025', 'DINO!', 'C0025', 'A0025');

#Lion King
INSERT INTO quote_t VALUES ('Q0026', 'I Just Cant wait', 'C0026', 'A0026');
INSERT INTO quote_t VALUES ('Q0027', 'Cant you feel the love tonighr', 'C0027', 'A0027');
INSERT INTO quote_t VALUES ('Q0028', 'Everything the light touches is our land', 'C0028', 'A0028');
INSERT INTO quote_t VALUES ('Q0029', 'Be Prepared', 'C0029', 'A0029');
INSERT INTO quote_t VALUES ('Q0030', 'Youre son is awake', 'C0030', 'A0030');

#FF7
INSERT INTO quote_t VALUES ('Q0031', 'I shaved my head about 15 years ago', 'C0031', 'A0031');
INSERT INTO quote_t VALUES ('Q0032', 'I like the tuna here', 'C0032', 'A0032');
INSERT INTO quote_t VALUES ('Q0033', 'Daddys gotta go to work.', 'C0033', 'A0033');
INSERT INTO quote_t VALUES ('Q0034', 'Did you bring the calvary?', 'C0034', 'A0034');
INSERT INTO quote_t VALUES ('Q0035', 'Man-candy', 'C0035', 'A0035');

#Frozen
INSERT INTO quote_t VALUES ('Q0036', 'Do you wanna build a snow man', 'C0036', 'A0036');
INSERT INTO quote_t VALUES ('Q0037', 'Let it go', 'C0037', 'A0037');
INSERT INTO quote_t VALUES ('Q0038', 'What do you want, Sven? “Give me a snack', 'C0038', 'A0038');
INSERT INTO quote_t VALUES ('Q0039', 'Some people are worth melting for.', 'C0039', 'A0039');
INSERT INTO quote_t VALUES ('Q0040', 'May the truth be found.', 'C0040', 'A0040');

#Black Panther
INSERT INTO quote_t VALUES ('Q0041', 'I never freeze', 'C0041', 'A0041');
INSERT INTO quote_t VALUES ('Q0042', 'You’re telling me that’s vibranium, too', 'C0042', 'A0042');
INSERT INTO quote_t VALUES ('Q0043', 'It looks nice. Aye', 'C0043', 'A0043');
INSERT INTO quote_t VALUES ('Q0044', 'Just whip it back and forth', 'C0044', 'A0044');
INSERT INTO quote_t VALUES ('Q0045', 'do you have a mixtape coming out', 'C0045', 'A0045');

#HP
INSERT INTO quote_t VALUES ('Q0046', 'Harry Potter Im Harry Potter', 'C0046', 'A00046');
INSERT INTO quote_t VALUES ('Q0047', 'Writenbogy', 'C0047', 'A0047');
INSERT INTO quote_t VALUES ('Q0048', 'Hermine', 'C0048', 'A0048');
INSERT INTO quote_t VALUES ('Q0049', 'Snape Snape Sevourous Snape', 'C0049', 'A0049');
INSERT INTO quote_t VALUES ('Q0050', 'Voldemort Voldemort oh Vold Voldy', 'C0050', 'A0050');

#B&B
INSERT INTO quote_t VALUES ('Q0051', 'Where is he', 'C0056', 'A0056');
INSERT INTO quote_t VALUES ('Q0052', 'Roar', 'C0057', 'A0057');
INSERT INTO quote_t VALUES ('Q0053', 'No one is like Gaston', 'C0058', 'A00058');
INSERT INTO quote_t VALUES ('Q0054', 'I invent', 'C0059', 'A0059');
INSERT INTO quote_t VALUES ('Q0055', 'No ones quick as gaston', 'C0060', 'A0060');

#Incredibles 2
INSERT INTO quote_t VALUES ('Q0056', 'I am Incredible', 'C0061', 'A0061');
INSERT INTO quote_t VALUES ('Q0057', 'I am elstic woman', 'C0062', 'A0062');
INSERT INTO quote_t VALUES ('Q0058', 'uh', 'C0063', 'A0063');
INSERT INTO quote_t VALUES ('Q0059', 'baby noises', 'C0064', 'A0064');
INSERT INTO quote_t VALUES ('Q0060', 'throw it', 'C0065', 'A0065');

#IM3

INSERT INTO quote_t VALUES ('Q0061', 'Proof that tony stark has a heart', 'C0068', 'A0067');
INSERT INTO quote_t VALUES ('Q0062', 'Tony Stank', 'C0069', 'A0078');
INSERT INTO quote_t VALUES ('Q0063', 'Will yo see this', 'C0070', 'A0069');
INSERT INTO quote_t VALUES ('Q0064', 'We dated', 'C0071', 'A0070');

#Minions
#NO

#Aqua Man

INSERT INTO quote_t VALUES ('Q0065', 'Fish noises', 'C0079', 'A0078');
INSERT INTO quote_t VALUES ('Q0066', 'Arthur you are the king', 'C0080', 'A0079');
INSERT INTO quote_t VALUES ('Q0067', 'I would want to fight me niether', 'C0081', 'A0080');
INSERT INTO quote_t VALUES ('Q0068', 'Boo', 'C0082', 'A0081');
INSERT INTO quote_t VALUES ('Q0069', 'Nice', 'C0083', 'A0082');

#SPDRMN FFH
INSERT INTO quote_t VALUES ('Q0070', 'Everywhere I go I see his face', 'C0084', 'A0083');
INSERT INTO quote_t VALUES ('Q0071', 'Spidher Man', 'C0085', 'A0084');
INSERT INTO quote_t VALUES ('Q0072', 'I AM THE HERO AND YOU ARE THE BAD GUY', 'C0086', 'A0085');
INSERT INTO quote_t VALUES ('Q0073', 'Were not dating', 'C0087', 'A0086');
INSERT INTO quote_t VALUES ('Q0074', 'Were dating', 'C0088', 'A0087');

#Captain Marvel

INSERT INTO quote_t VALUES ('Q0075', 'Justice', 'C0089', 'A0088');
INSERT INTO quote_t VALUES ('Q0076', 'Ezekiel 25:14', 'C0085', 'A0084');
INSERT INTO quote_t VALUES ('Q0077', 'I need the power stone', 'C0091', 'A0089');
INSERT INTO quote_t VALUES ('Q0078', 'you gotta be everything ', 'C0092', 'A0090');
INSERT INTO quote_t VALUES ('Q0079', '42', 'C0093', 'A0091');

#extra
INSERT INTO quote_t VALUES ('Q0080', 'Rehy', 'C0051', 'A0051');
INSERT INTO quote_t VALUES ('Q0081', 'RUN', 'C0052', 'A0052');
INSERT INTO quote_t VALUES ('Q0082', 'Pikachu', 'C0053', 'A0053');
INSERT INTO quote_t VALUES ('Q0083', 'REX', 'C0054', 'A0054');
INSERT INTO quote_t VALUES ('Q0084', 'Sandwiches', 'C0055', 'A0055');

#AWARD_t
INSERT INTO `AWARD_t`
(`AwardID`, `Prize`, `MovieID`, `ActorID`) VALUES ('AW001', 'Peoples Choice Award for Favorite Movie Actor', 'MV001','A0001');

INSERT INTO `AWARD_t`
(`AwardID`, `Prize`, `MovieID`, `ActorID`) VALUES ('AW002', 'Empire Award for Best Actress', 'MV002','A0007');

INSERT INTO `AWARD_t`
(`AwardID`, `Prize`, `MovieID`, `ActorID`) VALUES ('AW003', 'Award for Favorite Actor', 'MV003','A0012');

INSERT INTO `AWARD_t`
(`AwardID`, `Prize`, `MovieID`, `ActorID`) VALUES ('AW004', 'MTV Movie Award for Best Breakthrough Performance', 'MV004','A0020');

INSERT INTO `AWARD_t`
(`AwardID`, `Prize`, `MovieID`, `ActorID`) VALUES ('AW005', 'Teen Choice Award for Choice Movie Actor', 'MV005','A0001');

INSERT INTO `AWARD_t`
(`AwardID`, `Prize`, `MovieID`, `ActorID`) VALUES ('AW006', 'MTV Movie Award for Best Action Sequence', 'MV006', 'A0021');

INSERT INTO `AWARD_t`
(`AwardID`, `Prize`, `MovieID`, `ActorID`) VALUES ('AW007', 'Peoples Choice Award for Favorite Movie Actor', 'MV008','A0001');

INSERT INTO `AWARD_t`
(`AwardID`, `Prize`, `MovieID`, `ActorID`) VALUES ('AW008', 'Teen Choice Award for Choice Movie Actor', 'MV009','A0032');

INSERT INTO `AWARD_t`
(`AwardID`, `Prize`, `MovieID`, `ActorID`) VALUES ('AW009', 'Best Global Actress in a Motion Picture', 'MV010','A0005');

INSERT INTO `AWARD_t`
(`AwardID`, `Prize`, `MovieID`, `ActorID`) VALUES ('AW010', 'Best Animated Female', 'MV011','A0036');

INSERT INTO `AWARD_t`
(`AwardID`, `Prize`, `MovieID`, `ActorID`) VALUES ('AW011', 'MTV Movie Award for Best Villain', 'MV012','A0042');

INSERT INTO `AWARD_t`
(`AwardID`, `Prize`, `MovieID`, `ActorID`) VALUES ('AW013', 'MTV Movie Award for Best Hero', 'MV013','A0046');

INSERT INTO `AWARD_t`
(`AwardID`, `Prize`, `MovieID`, `ActorID`) VALUES ('AW014', 'Empire Award for Best Actress', 'MV015','A0020');

INSERT INTO `AWARD_t`
(`AwardID`, `Prize`, `MovieID`, `ActorID`) VALUES ('AW015', 'Teen Choice Award for Choice Summer Movie Star', 'MV016','A0021');

INSERT INTO `AWARD_t`
(`AwardID`, `Prize`, `MovieID`, `ActorID`) VALUES ('AW016', 'Best Animated Female', 'MV017','A0036');

INSERT INTO `AWARD_t`
(`AwardID`, `Prize`, `MovieID`, `ActorID`) VALUES ('AW017', 'Teen Choice Award for Choice Movie Actress', 'MV018','A0056');

INSERT INTO `AWARD_t`
(`AwardID`, `Prize`, `MovieID`, `ActorID`) VALUES ('AW018', 'Best Animated Female', 'MV019','A0062');

INSERT INTO `AWARD_t`
(`AwardID`, `Prize`, `MovieID`, `ActorID`) VALUES ('AW019', 'Teen Choice Award for Choice Movie Actor', 'MV021','A0001');

INSERT INTO `AWARD_t`
(`AwardID`, `Prize`, `MovieID`, `ActorID`) VALUES ('AW020', 'Best Female Lead Vocal Performance in a Feature Film', 'MV022','A0071');

INSERT INTO `AWARD_t`
(`AwardID`, `Prize`, `MovieID`, `ActorID`) VALUES ('AW021', 'Teen Choice Award for Choice Movie Actor', 'MV023','A0002');

INSERT INTO `AWARD_t`
(`AwardID`, `Prize`, `MovieID`, `ActorID`) VALUES ('AW022', 'Teen Choice Award for Choice Summer Movie Star', 'MV024','A0083');